name,price
Python项目开发实战（第2版）,62.30
包邮 教孩子学编程+趣学Python+父与子的编程之旅 全3册 教孩子编程的图书 python,129.00
精通Scrapy网络爬虫,40.70
Python机器学习基础教程,53.40
Python数据科学入门,36.50
深度学习入门 基于Python的理论与实现 人工智能书籍,42.10
Python快速编程入门 传智播客 黑马程序员 python编程从入门到实践基础视频教程核心编程爬虫,32.00
实战Python网络爬虫,89.10
Python机器学习实践：测试驱动的开发方法,46.60
Python从入门到项目实践 全彩版 明日科技 自学Python软件开发从入门到精通 网格爬虫,54.80
教孩子学编程 Python语言版,44.25
Automate The Boring Stuff With Python,160.00
面向自然语言处理的深度学习 用Python创建神经网络+自然语言处理Python进阶 计算机编程开发,215.00
深度学习——基于Python语言和TensorFlow平台（视频讲解版）,41.70
Python数据分析实战,46.60
树莓派实战全攻略:Scratch、Python、Linux、Minecraft应用与机器人智能制作,89.30
深海管道试验的数值模拟理论及应用：ABAQUS参数化设计中的Python脚本,27.60
PYTHON基础教程(第三版),69.80
Python金融大数据分析,70.30
包邮 机器学习：使用OpenCV和Python进行智能图像处理 计算机与|8053731,46.90
Python地理数据处理 [美]Chris Garrard 加勒德 97871154566,45.82
包邮 OpenCV 3计算机视觉：Python语言实现（原书第2版）|4966057,33.30
爱上Raspberry Pi 第2版 树莓派编程快速入门手册,38.60
Python基础教程 第3版,99.00
Python 实战编程：从零学Python,78.90
5本 深度学习+深度学习入门+Python编程基础+神经网络编程+TensorFlow 人工智能书籍,365.00
数据馆员的Python简明手册,43.50
少儿编程语言 小学生c++趣味编程+ Scratch2.0少儿编程奇幻之旅+趣学Python,125.00
华章程序员书库·Python编程实战：运用设计模式、并发和程序库创建高质量程序,45.60
Head First Python 巴里 9787512322233 中国电力出版社,69.00
Python程序设计实用教程（全国高等院校应用型创新规划教材·计算机系列）,46.40
Python高手之路,43.10
Python带我起飞 入门、进阶、商业实战,55.90
物联网应用设计与实战：基于AVR单片机和Python,46.60
数据结构（Python版）/21世纪高等学校计算机基础实用规划教材,32.70
Python 3 基础教程,35.20
从问题到程序 用Python学编程和计算,50.60
Python数据分析基础（全国高等院校应用型创新规划教材·计算机系列）,32.30
Python数据分析机器学习深度学习和NLP实例编程 深度学习实战Python网络爬虫,230.00
"Python基础教程(第2版 修订版) [挪]Magnus Lie Hetland,司维",45.82
【包邮】Python渗透测试编程技术 方法与实践 李华峰 Python 黑帽子书籍,51.60
【好书推荐】  像计算机科学家一样思考Python Python核心编程,26.50
父与子的编程之旅 与小卡特一起学Python 教孩子编程的图书 python编程入门教程,46.00
对比Excel，轻松学习Python数据分析 Python大数据挖掘预测技术教程书籍,41.50
Python 语言构建机器学习系统 第2版（影印版）,46.90
Python机器学习基础教程 Python机器学习算法教程书籍 Python语言编程,58.00
Python机器学习 预测分析核心算法 [美] Michael Bowles   鲍尔斯,40.02
Python 金融大数据分析 Python编程入门,70.70
Python编程快速上手 Python编程从入门到实践python3.0编程从入门到实践,40.60
Python黑客攻防入门 黑客攻防技术教程,43.10
包邮 学习OpenCV3 中文版+深度学习与计算机视觉+Python计算机视觉编程+Python语言,248.00
Python参考手册(第4版·修订版),64.10
Python程序设计,41.20
Python快速入门精讲,43.10
知识网络与合作网络的关系——基于Python编程,46.50
现货包邮 高教版2019年全国计算机等级考试二级Python语言程序设计冲刺试卷第2版+公共基础知识,54.60
Python自然语言处理（影印版）,83.70
Python项目案例开发从入门到实战 爬虫、游戏和机器学习书籍 郑秋生,55.00
包邮 Python Linux系统管理与自动化运维 计算机与互联网 书箱|6550978,60.50
数据科学导论：Python语言实现,38.70
正版现货 数据结构与算法：Python语言实现/数据库算法/python语言计算机书|1016124,74.10
Python编程入门(第3版)  python核心编程教程书籍 python学习手册 基础教程,27.40
【现货正版】 Python编程无师自通 专业程序员的养成 宋秉金Python3网络爬虫项目编程,39.20
现货 高教版2019年9月 3月用全国计算机等级考试二级教程 Python语言程序设计 教材+冲刺试,94.90
从零开始学Python网络爬虫,46.00
从芯片到云端 Python物联网全栈开发实践 Python物联网全栈开发实践 py,86.74
【全4册】正版书籍冷门思维与传统足彩+零起点Python足彩大数据与机器学习实盘分析世界,179.30
现货包邮 DevOps和自动化运维实践/Python/Linux/Unix运维书|8053230,60.50
Python绝技,51.70
现货包邮 高教2019年版全国计算机等级考试二级教程Python语言程序设计+冲刺试卷第2版含线上题,67.80
Python语言程序设计,34.30
Python数据科学实践指南,46.60
Python数据分析与挖掘实战/大数据技术丛书,47.00
Python数据分析基础,78.30
Python深度学习,54.30
Python和HDF 5大数据应用,30.80
Python编程基础与案例集锦 中学版+中学生可以这样学Python书籍,62.60
包邮Python机器学习 5个数据科学家案例解析+ 机器学习 周志华西瓜书机器学习入门书 2本,101.00
包邮 实用卷积神经网络:运用Python实现高级深度学习模型 计算机与互|8058118,48.30
量化交易之路：用Python做股票量化分析+量化投资+零起点Python大数据与量化交易书,214.80
OpenCV3计算机视觉Python语言实现 原书第2版 人脸检测与识别,37.40
正版包邮 Django企业开发实战 高效Python Web框架指南 博客系统开发实例教程书籍,72.00
【包邮】对比Excel 轻松学习Python数据分析+Python数据分析入门,86.60
Python项目案例开发从入门到实战——爬虫、游戏和机器学习（从入门到实战·微课视频）,59.90
语料库语言学及Python实现,26.80
【R】精通特征工程 人工智能教程机器学习 Python 算法 通过Python示例掌握特征工程基本原,41.00
Python算法教程+数据结构 Python语言描述 语言编程入门 利用Pytho,105.30
Python 3.6零基础入门与实战+Python网络爬虫实战（2版）2本,103.80
人民邮电：深度学习入门 基于Python的理论与实现,44.25
解析Python网络爬虫：核心技术、Scrapy框架、分布式爬虫,45.50
Python编程 从入门到实践 [美]埃里克·马瑟斯(Eric Matthes),64.80
零基础学Python 和外星人一起学系列 pyhton从入门到精通python语言程序设计基础,43.80
Python 3.7从零开始学 全程视频教学 兄弟连教育组织编写书籍,54.60
包邮 Python文本分析 计算机与互联网 |7836736,53.70
Python算法与程序设计基础(第2版)（21世纪高等学校计算机基础实用规划教材）,41.60
趣学Python编程,32.40
Python程序设计教程,37.40
PYTHON程序员面试算法宝典,43.20
跟老齐学Python Django实战 第2版 齐伟,55.60
包邮自然语言处理理论与实战+Python自然语言处理实战核心技术与算法 自然语言文本提取书籍,109.80
Python编程入门 全3册 Python编程从入门到实践 零基础入门学习 基础教程,160.90
Python与量化投资从基础到实战+量化交易+Python机器学习快速入门+大数据量化交易+量化投资,327.00
和孩子一起玩编程 中小学编程入门书 趣学python编程入门零基础教孩子学编程的书,49.50
包邮精通Python自然语言处理+NLP汉语自然语言处理原理与实践 2本 语法语义分析,116.60
OpenCV算法精解 OpenCV教程书籍 C++和Python代码拆分算法实现方法 数字图像处理基,63.20
包邮Python自然语言处理+Python自然语言处理实战核心技术与算法+Python文本分析,221.80
正版包邮自动化平台测试开发Python测试开发实战+Web接口开发与自动化测试+自动化测试实战书籍,125.00
正版包邮 Python编程 从入门到实践 基本教程到完整项目开发爬虫学习数据分析处理 语言程序设计p,89.00
Python绝技：运用Python成为顶级黑客 python编程教程书籍,55.00
Python机器学习基础教程,56.90
Raspberry Pi编程指南·第2版 基于Python的游戏编程与机器人制作,41.00
算法设计与分析(Python)/21世纪高等学校计算机专业实用规划教材,32.30
Python程序设计/高等职业教育计算机类课程新形态一体化规划教材,34.70
Python程序设计教程/高等院校计算机技术与应用系列规划教材,24.00
像计算机科学家一样思考Python（第2版）,40.20
乐学Python编程-做个游戏很简单/青少年STEAM活动核心系列丛书,61.40
精通Python网络爬虫：核心技术、框架与项目实战,44.90
Python量化交易,91.10
【正版】Django企业开发实战 高效Python Web框架指南 web开发 the5fire力作,67.00
包邮 Python深度学习 基于TensorFlow+Python自然语言处理实战 核心技术与算法书,108.60
Python编程 从入门到实践,61.40
Python从入门到项目实践（全彩版）,70.60
Python核心编程（第3版）,87.10
Python基础教程（第3版）,69.80
Python从小白到大牛,81.90
Python编程快速上手 让繁琐工作自动化,60.70
零基础学Python（全彩版）,56.40
疯狂Python讲义,108.60
笨办法学Python 3,51.90
利用Python进行数据分析（原书第2版）,82.70
Python学习手册（套装上下册）（原书第5版）,173.00
Python深度学习,83.90
Python编程从零基础到项目实战（微课视频版）,60.30
流畅的Python,98.00
Python项目开发案例集锦（全彩版）,92.80
Python 3网络爬虫开发实战,69.80
Python神经网络编程,60.70
Python编程（第4版 套装上下册）,182.20
Python Cookbook（第3版）中文版,95.00
对比Excel，轻松学习Python数据分析,54.30
Python零基础入门学习（第2版）,81.90
Python零基础入门学习-水木书荟,45.50
深度学习入门 基于Python的理论与实现,41.60
教孩子学编程 Python语言版,51.90
基于Python的大数据分析基础及实战,50.00
Python数据分析与挖掘实战,47.90
Python算法教程,60.70
数据结构 Python语言描述,60.70
Python编程无师自通 专业程序员的养成,51.90
用Python写网络爬虫 第2版,43.10
Python从菜鸟到高手,112.60
Python从入门到精通（软件开发视频大讲堂）,70.20
Django企业开发实战 高效Python Web框架指南,69.80
Python编程从入门到精通 项目开发视频学习版,69.50
Python金融大数据分析,87.10
Python 3标准库,145.30
数据结构与算法：Python语言实现,81.50
TensorFlow：实战Google深度学习框架（第2版）,81.90
Head First Python（第二版）,117.80
Python绝技：运用Python成为顶级黑客,72.70
Python编程从入门到实践 python基础教程 零基础学Python3.5编程入门 计算机程序设,55.00
算法图解,34.60
父与子的编程之旅：与小卡特一起学Python,48.70
Python自然语言处理,78.30
精通Python爬虫框架Scrapy,51.90
码农翻身：用故事给技术加点料,63.50
深入浅出Python机器学习,49.40
Python数据分析基础,51.40
Python数据可视化之matplotlib实践,54.30
Python测试之道,52.60
Python语言程序设计基础（第2版）/教育部大学计算机课程改革项目规划教材,32.10
Python统计分析,69.50
趣学Python：教孩子学编程,51.90
Python游戏编程入门,38.60
Python机器学习基础教程,55.70
Python机器学习,69.50
Python数据分析 第2版,60.70
Python 3破冰人工智能 从入门到实战,51.90
scikit-learn机器学习（第2版）,51.90
Python 3 数据分析与机器学习实战,50.30
Python网络爬虫从入门到实践+Python 3网络爬虫开发实战（全2册）数据抓取指,97.90
（正版）Python核心编程(第二版)(Python领域经典作品、非常有名的开发指南),59.90
包邮 Python自动化运维：技术与最佳实践|3804188,46.90
Python文本分析文本分析，Python，自然语言处理，数据挖掘,55.00
包邮 Python编程之美 最佳实践指南 Python基础教程书籍流畅的Python 深入学习,61.60
利用Python进行数据分析 原书第2版 基础教程Python实践从入门到精通计算机数据分析,77.30
Python编程无师自通 专业程序员的养成 Python3网络爬虫开发教程书籍,39.20
PYTHON数据可视化之MATPLOTLIB实践,43.10
包邮 Python绝技：运用Python成为数据工程师,59.80
Python3网络爬虫开发实战+数据分析入门+Python 3爬虫 数据清洗与可视化实战书籍 3本,139.60
树莓派机器人实战秘笈 第3版+树莓派开发实战+Python树莓派编程书籍 4本,190.00
PYTHON高性能编程+流畅的Python  Python 学习入门到进阶 Py,163.20
官方正版包邮 Python编程：从数据分析到数据科学 Python语言基础教程数据科学大数据分析书籍,53.72
Python语言程序设计基础 第 二版  教育部大学计算机课程改革项目规划教材 教,34.90
数据科学导论：Python语言实现（原书第2版）,46.60
Python开发向导/云计算工程师系列,40.80
Web程序员成功之路：Python Web开发学习实录（附DVD-ROM光盘1张）,52.10
Python网络爬虫实例教程（视频讲解版）,41.70
Raspberry Pi：Python编程入门,26.20
Python编程快速上手,49.00
micro:bit魔法修炼之Mpython初体验,46.80
量化投资：以Python为工具,69.00
Python编程快速上手+Java编程思想（第4版）全2册 网络爬虫书籍计算机 视频编程从入门到精通,144.80
笨办法学Python3 python基础教程编程入门 编程python视频教程python书籍 py,36.00
Python语言程序设计/高等学校计算机专业规划教材,33.10
Python程序设计,73.70
Python编程-从入门到实践 从基本概念到完整项目开发 机器学习 数据处理 编程语言程序设计,73.00
现货包邮 R语言实战第2版 [R in Action:Data Analysis and],73.90
包邮Python与量化投资从基础到实战+量化交易之路+零起点Python大数据与量化交易+量化投资,282.00
深度学习：基于Keras的Python实践+Keras快速上手 2本,102.90
利用Python开源工具分析恶意代码,72.20
毫无障碍学Python,38.50
Python程序设计开发宝典,47.90
Python程序设计基础教程,33.30
Python密码学编程,49.70
Python数据科学,74.20
Python数据分析与挖掘实战 张良均 机械工业出版社,48.30
Computer Coding Python Projects for KidsDK 图解儿童编程,108.00
Python程序设计/企业级卓越人才培养解决方案“十三五”规划教材,38.60
Python 3.x入门到应用实践,69.30
Python学习：从入门到实践/中国高校创意创新创业教育系列丛书,42.30
Python金融衍生品大数据分析,73.20
PYTHON数据分析入门:从数据获取到可视化,43.10
二级Python编程指南/21世纪高等学校计算机基础实用规划教材,39.60
数据科学与分析：Python语言实现,60.60
Python程序设计与应用/应用型高等院校改革创新示范教材,32.30
Python二维游戏编程/全国高等农林院校“十二五”规划教材,36.10
精通Python网络编程（第2版 影印版 英文版）,86.10
PYTHON编程无师自通 专业程序员的养成,42.20
Python数据处理 [美] 杰奎琳·凯泽尔(Jacqueline Kazil)凯 978,57.42
Python编程基础与应用,33.30
Python语言程序设计基础,28.00
Python编程与应用实践,53.60
Python数据分析基础,49.60
我的Python世界,50.00
Python 3 程序设计,41.70
Python程序设计基础/高等学校计算机基础教育教材精选,34.30
实用数据科学和Python机器学习（影印版）,85.60
Python基础实例教程/普通高等教育“十三五”规划教材（计算机专业群）,22.90
Python自动化开发实战,62.60
Python程序设计（原书第2版）,98.70
Python与量化投资 从基础到实战 王小川Python量化投资策略分析技术工具书籍,64.00
Head First Python 中文版第二版  O'Reilly 深入浅出,79.00
【包邮】Python程序员面试算法宝典+剑指Offer 名企面试官精讲典型编程题,98.00
数据科学手册,81.70
量化交易之路 用Python做股票量化分析 湖北新华书店,81.88
教孩子学编程 Python语言版,44.25
程序设计导论：Python计算与应用开发实践（原书第2版）,84.10
玩转Python轻松过二级,35.70
包邮 零起点TensorFlow快速入门+Python机器学习快速入门 2本,95.60
"Python金融大数据分析  （德）希尔皮斯科,姚军",62.40
【RY】教孩子学编程Python语言版 python从入门到实践 python核心技术 pytho,40.10
Python网络爬虫实战/清华科技大讲堂,73.40
Python程序设计,27.90
Python程序设计第一课,38.70
4本 深度学习+机器学习 周志华+百面机器学习+Python神经网络编程 人工智能书籍,305.00
包邮 小小的Python编程故事+青少年学Python+编程猫 孩子们写的编程入门书,206.60
Web接口开发与自动化测试――基于Python语言+全栈性能测试修炼宝典 JMeter实战,108.00
ArcGIS下的Python编程 面向设计师的编程设计知识系统PADKS建筑景观规划设计基础理论工具,173.10
Python Deep Learning Cookbook,498.00
Selenium自动化测试之道——基于Python和Java语言 计算机 软件开发,45.80
Python深度学习：基于TensorFlow 深度学习框架教程书籍,59.00
Python王者归来,112.60
人工智能实验教材/职业教育1 python“智龙X计划”指定用书,174.20
深度学习+机器学习实战（python基础教程指南） deep learning,175.20
量化投资 以Python为工具 Python语言处理 数据Python金融 量化投资,65.80
Python基础教程 第3版Python简明教程书籍 Python编程从入门到实践 灵程序设计丛书,69.80
包邮 Python学习手册（原书第5版） 计算机与互联网 书箱|8053406,148.90
Python语言程序设计基础 第 二版  教育部大学计算机课程改革项目规划教材 教,33.30
机器人系统设计与制作：Python语言实现,43.30
Python网络爬虫实例教程（视频讲解版）,41.70
Raspberry Pi：Python编程入门,26.20
Python编程快速上手,49.00
micro:bit魔法修炼之Mpython初体验,46.80
Python语言程序设计/高等学校计算机专业规划教材,33.10
Python程序设计,73.70
数据科学实战之网络爬取：Python实践和示例,54.50
包邮 scikit-learn机器学习 第2版+利用Python进行数据分析 原书第2版 3本,221.00
玩转Django 2.0 黄永祥 深入剖析Django 2.0 Python Web网站项目开发实战,47.50
Python数据分析基础 阮敬 编 中国统计出版社 数据库 正版书籍,69.80
Python金融实战,56.90
官方正版 Python编程基础与案例集锦（中学版） Python基本语法内置对象用法技巧教程书籍,49.00
正版包邮 Python自然语言处理 计算机编程语言 软件开发书籍人民邮电出版社 Python入门基础,53.40
2本 Python编程从零基础到项目实战+Python3 网络爬虫开发实战,112.80
Python程序设计案例教程：从入门到机器学习（微课版）,45.10
Python程序设计基础,20.50
Python量化交易实战 王晓华 Python量化交易教程书籍,55.80
玩转Python网络爬虫,52.10
Python基础教程（附教学视频）,35.20
Python程序设计案例课堂,54.50
PYTHON神经网络编程,51.80
Python数据挖掘：概念、方法与实践,46.60
包邮现货 编写高质量代码：改善Python程序的91个建议[按需印刷]|3770256,59.00
Python计算机视觉编程,56.60
机器学习系统设计：Python语言实现,46.60
Python网络数据采集（第2版影印版 英文版）,70.30
2册 小天才学Python（教学指导）Python编程指导书 让孩子掌握Python语言和基本编程,55.00
人工智能--Python实现(影印版)(英文版),61.78
现货 Python3 网络爬虫开发实战  Scrapy数据分析处理手册 数据抓取指南,66.00
包邮卷积神经网络的Python实现+解析深度学习 卷积神经网络原理与视觉实践书籍,95.60
MicroPython入门指南 邵子扬 9787121328466,34.22
Python机器学习——数据分析与评分卡建模 微课版,41.20
【Python基础教程】Python网络编程第3版 Python3爬虫数据分析编程理解技术 Pyth,53.40
"Qgis Python Programming Cookbook, Second E...",563.00
Python程序设计案例教程：从入门到机器学习（微课版）,45.10
小天才学Python,24.40
Python程序设计基础,20.50
Python量化交易实战 王晓华 Python量化交易教程书籍,55.80
玩转Python网络爬虫,52.10
深度学习入门 基于Python3的理论与实现 从零创建深度学习模型 深度学习入门经典畅销书 神经网,59.00
Python基础教程（附教学视频）,35.20
Python程序设计案例课堂,54.50
机器学习实战python基础教程指南 机器学习书籍python基础教程python与机器学习实战机器,62.10
机器学习实战（python基础教程指南）python机器概念书籍 计算机电脑程序设计开发,46.00
PYTHON神经网络编程,51.80
机器学习入门之道 机器学习人工智能自学教程 人工智能商业化指南 Python代码,41.30
Python数据挖掘：概念、方法与实践,46.60
卷积神经网络的Python实现+解析深度学习 卷积神经网络原理与视觉实践 CNN搭建深度卷积神经网络,115.00
实用生物信息学+生物信息学分析与实践 MATLAB生物信息学工具箱应用+Python生物信息学数据管,206.50
包邮 Python数据分析与数据化运营/数据分析与决策技术丛书/计算机Python书|6998727,67.30
编程景观 Grasshopper Python NetLogo面向设计师的编程设计书,88.00
Python与机器学习实战：决策树、集成学习、支持向量机与神经网络算法详解及编程实现,48.30
现货高教版 Python语言程序设计基础 第2版 嵩天著 高等教育出版社978704047,33.90
4本 量化交易之路 用Python做股票量化分析+零起点Python机器学习快速入门,258.60
包邮Python 3学习笔记(上卷) 雨痕 python3.6语言教程入门到实战书籍,66.60
OpenCV+TensorFlow深度学习与计算机视觉实战 Python网络爬虫实战深度学习实践,172.00
包邮现货 编写高质量代码：改善Python程序的91个建议[按需印刷]|3770256,59.00
Python 3网络爬虫开发实战 项目开发教程书籍 分布式视频爬虫录音爬虫编写 数据爬取技术,74.20
多元统计分析——R与Python的实现,31.40
Python即学即用,41.30
(全彩版）2本 教孩子学编程Python语言版+趣学Python零基础学编程Python入门教程,92.00
流利的Python语言(影印版)(英文版),84.49
【正版包邮】利用Python进行数据分析(美)麦金尼著 python基础教程/python数据分析,69.00
"Python3程序开发指南(第2版,修订版)",49.70
包邮现货Effective Python：编写高质量Python代码的59个有效方法|4912460,40.10
Python Web开发实战 董伟明 9787121297335,60.90
Python编程 从入门到实践 python核心编程基础教程书籍 从入门到精通,65.00
机器学习实战 python基础教程指南 +机器学习 套装共两册  (美)哈林顿,119.00
Python程序设计基础(上海市高等学校计算机等级考试二级推荐教材普通高等教育十三五,23.06
Python轻松学：爬虫、游戏与架站,49.60
python编程从入门到精通 Python基础教程 精通计算机程序设计,52.80
包邮 小天才学Python 一本专为小学生编写的Python编程教材书籍 刘思成 刘鹏 朱慧 著,27.80
Python编程 从入门到实践 python核心编程基础教程书籍 从入门到精通书籍,52.80
官方正版 Python基础教程 十二五规划教材 人民邮电出版社 计算机编程语言与程序设计,34.20
包邮 自动化平台测试开发 Python测试开发实战+Web接口开发与自动化测试 基于Python语言,87.80
包邮  Python程序设计案例教程 从入门到机器学习 微课版  清华大学出版社 600分钟视频讲解,37.80
量化交易之路 用Python做股票量化分析 计算机网络 程序设计 投资理财 证券股票金融,63.90
包邮 图解算法 使用Python+图解数据结构 使用Python书籍 2本 吴灿铭,92.60
Python算法教程,49.70
Python编程入门 (第3版 ),28.10
高教版 2019全国计算机等级考试二级教程 Python语言程序设计+冲刺试卷+公共基础知 共三本,73.50
Python面向对象编程指南,56.90
Python网络编程(第3版),56.90
跟老齐学Python,43.00
教孩子学编程+父与子的编程之旅:与小卡特一起学PythonPython语言版python y,95.60
Python大战机器学习,50.70
Python基础教程 第3版 图灵程序设计丛书 编程新手入门 软件工具 python,62.00
python学习手册 python机器学习实践 测试驱动的开发方法 python基础入门,138.80
Python贝叶斯分析,49.70
量化投资: 以Python为工具+零起点Python大数据与量化交易,198.00
物联网Python开发实战物联网组成架构应用技术教程书籍micropython进行物联,49.50
知识网络与合作网络的关系——基于Python编程,46.50
现货包邮 高教版2019年全国计算机等级考试二级Python语言程序设计冲刺试卷第2版+公共基础知识,54.60
包邮Python黑客攻防入门+利用Python开源工具分析恶意代码,118.00
Python自然语言处理（影印版）,83.70
Python项目案例开发从入门到实战 爬虫、游戏和机器学习书籍 郑秋生,55.00
包邮 Python Linux系统管理与自动化运维 计算机与互联网 书箱|6550978,60.50
包邮 Python网络数据爬取及分析从入门到精通 分析篇+爬取篇 Python3数据分析与挖掘书,88.80
包邮 Python程序设计与算法基础教程 21世纪高等学校计算机专业实用规划教材,48.50
Python数据可视化编程实战 第2版 python高级程序设计 python编程实战指,51.70
【R】Python和NLTK自然语言处理 NLP实践教程 机器学习人工智能深度学习网络数据采集处理书,72.00
正版 量化交易之路 用Python做股票量化分析 阿布 量化交易入门书籍 python机器,55.40
现货包邮 Python程序设计基础 第2版 第二版 董付国+Python程序设计实验指导书 2本,69.80
疯狂Python讲义 李刚 9787121351976,68.44
"Python金融大数据分析  （德）希尔皮斯科,姚军",62.40
Python编程基础与HTTP接口测试 Python编程基础入门教程书籍,29.30
【python版少儿编程】教孩子学编程(Python语言版)跟孩子一起学编程父与子的编程之旅玩转编程,54.04
疯狂Python讲义,68.40
数据科学导论：Python语言实现,38.70
人邮新书 Python数据科学手册 数据分析计算书籍 机器学习 NumPy数据存储 Ma,97.00
2本套 Python编程+网络爬虫入门书籍 Python程序设计书籍 网络爬虫从入门到精通,109.00
python基础教程 零基础学python3.5编程从入门到实践 精通计算机程序设计pathon核心,278.00
【包邮】精通Python爬虫框架Scrapy [美]迪米特里奥斯 考奇斯-劳卡斯(Dimitrio,35.40
趣学Python 教孩子学编程 中小学生儿童计算机语言编程入门教程书籍零基础学python计算,42.50
包邮 Python数据分析基础教程书籍  王斌会,33.80
正版 Python参考手册 第4版 修订版 [美]大卫 M.比兹利(David M.Bea,66.90
Python编程快速上手 让繁琐工作自动化 Python从入门到精通 Python编程书,39.80
包邮Python测试之道+自动化平台测试开发：Python测试开发实战,98.00
Python新手学Django 2.0架站的16堂课（第2版）+Python自动化运维快速入门,118.50
Python神经网络编程 深度学习人工智能系统机器学习入门教程书籍deep learning AI圣,39.00
Python从菜鸟到高手 李宁 9787302507161,74.24
【全2册】小天才学Python（教学指导）+小天才学Python 朱慧 小学生学Python语言入,59.90
机器学习：使用OpenCV和Python进行智能图像处理+深度学习实践:计算机视觉,114.00
Python程序设计基础教程,35.10
Python程序设计应用教程,42.90
Python语言实用教程,40.40
Python语言及其应用,31.80
跟着“小微”学Python,30.20
计算机科学丛书：Python计算与编程实践·多媒体方法（原书第2版）,54.40
Python程序设计与案例教程,31.70
Python语言程序设计,41.60
Python程序设计基础,35.10
Python硬件编程实战,33.80
基于Python的Google App Engine编程,81.00
Python程序设计基础,41.70
Python核心编程第3版 python开发大全 python入门到精通书籍 python,54.00
语料库与Python应用,38.60
Python程序设计教程（普通高等教育新工科人才培养规划教材（大数据专业））,26.10
量化投资与Python语言/21世纪经济管理精品教材·金融学系列,29.00
Python程序设计入门到实战,47.60
从Python新手到Django架站高手（套装共2册）,134.30
Python程序设计与实践：用计算思维解决问题,27.10
算法与程序设计基础（Python版）,31.50
Python 程序设计（21世纪高等学校计算机基础实用规划教材）,33.10
Python编程与问题求解/国外计算机科学经典教材,49.60
Python程序设计教程/高等学校计算机专业规划教材,31.60
Python基础编程与实践,46.00
Python基础教程,37.70
Python开发基础,33.80
Python程序设计：从编程基础到专业应用,35.70
Python文本分析,58.40
"""笨办法""学Python 3",41.90
正版现货 Web接口开发与自动化测试——基于Python语言 虫师 Python编程教程书,38.40
Python大学教程,32.70
Python社会媒体挖掘,54.50
深度强化学习原理与实践,82.90
包邮 【套装三册】Python程序员面试算法宝典+剑指Offer+数据库程序员面试笔试真题库,145.00
Python自然语言处理,57.90
Python基础教程 第3版 图灵程序设计丛书 编程新手入门 软件工具 python,62.00
流畅的Python  python进阶书籍 计算机编程语言 数据分析从入门到实践精通爬虫核心,89.00
Python数据挖掘入门与实践,46.60
Python物理学高效计算,87.10
Python爬虫开发与项目实战,57.90
Selenium自动化测试 基于Python语言 Web测试实战指南,35.80
Python微控制器编程从零开始 使用MicroPython,39.30
Python数据分析与应用 大数据云计算计算机书籍正版,39.80
Python网络数据爬取及分析从入门到精通（分析篇）,47.20
【正版包邮】 Python游戏编程入门 游戏开发 Python3爬虫数据分析编程教程 程序设计书籍,29.40
学习编程第一步 零基础上手Python开发,63.00
新版现货 零基础入门学习Python 第2版 小甲鱼李佳宇  python编程从入门到精通实践 pa,64.90
【正版】流畅的Python  python进阶书籍 计算机编程语言 数据分析从入门到实践爬虫核心编程,139.00
计算机科学导论 以Python为舟（第2版）/21世纪高等学校计算机专业实用规划教材,39.60
正版 零基础入门学习Python（第2版）微课视频版 计算机与互联网 编程语言与程序设计 小甲鱼,65.03
计算机科学丛书：Python语言程序设计,57.90
Python编程入门（第3版）,30.80
教孩子学编程Python语言版 零基础学编程 Python入门教程书籍 儿童编程语言启蒙书,58.00
包邮 对比Excel轻松学习Python数据分析+Python 3爬虫 数据清洗与可视化实战书籍,161.60
语料库语言学及Python实现,26.80
树莓派Python编程入门与实战（第2版）,60.70
Python测试驱动开发 使用Django Selenium和JavaScript进行Web编程,93.80
零起点Python足彩大数据与机器学习实盘分析,91.10
Python机器学习 第2版（影印版）,78.70
Python编程基础,31.40
零基础入门学习Python 小甲鱼计算机/网络 程序设计 零基础学编程基础学习教程,28.00
Python数据科学手册,79.60
Python游戏编程入门+C++游戏编程入门+游戏编程入门 全3册 游戏编程入门书籍,118.00
精通Python网络爬虫：核心技术、框架与项目实战,50.60
"Python Cookbook(中文版,第3版)",79.70
Python程序设计（第2版）/高等院校信息技术规划教材,39.60
2本 教孩子学编程 Python语言版+父与子的编程之旅 与小卡特一起学Python,91.40
利用Python进行数据分析 原书第2版,89.30
Python+Spark 2.0+Hadoop机器学习与大数据实战 大数据技术教程书籍,72.80
人工智能极简编程入门（基于Python）,60.70
Python核心编程第3版 python开发大全 python入门到精通书籍 python,54.00
Python编程 从入门到实践 python核心编程基础教程书籍 从入门到精通,61.90
2本 算法图解+数据结构 Python语言描述,84.30
包邮人人都懂设计模式 从生活中领悟设计模式（Python实现）罗伟富著,58.00
Python全栈数据工程师养成攻略（视频讲解版）,47.20
NLTK基础教程 用NLTK和Python库构建机器学习应用,43.10
包邮 小天才学Python+小天才学Python 教学指导 共2册 小学生学Python语言入门书籍,58.50
Head First Programming: A Learner's Guide to Programming Using the Python Language,521.80
包邮 包邮 疯狂Python讲义,87.20
包邮 教孩子学编程（Python语言版）+趣学Python——教孩子学编程2本书 儿童学计,91.00
Python机器学习,62.40
Python数字信号处理应用,32.40
包邮疯狂Python讲义+你也能看得懂的Python算法书 pytho编程视频教程书籍,129.00
包邮 小天才学Python+小天才学Python 教学指导+人工智能基础教程 Python篇 青少版,95.60
Python程序设计实验指导书/高等院校信息技术规划教材,34.10
机器学习应用系统设计,62.60
Python编程与人工智能启蒙,24.80
Python程序设计,28.90
3本 图解深度学习+图解机器学习+Python编程从零基础到项目实战 人工智能书籍,120.80
预测分析：Python语言实现,40.70
Python语言在Abaqus中的应用（附CD-ROM光盘1张）,37.90
Python深度学习,83.00
精通Python设计模式,35.50
神经网络与深度学习：基于TensorFlow框架和Python技术实现,41.70
Python云原生：构建应对海量用户数据的高可扩展Web应用,81.90
Python基础实例教程（微课版）,40.70
包邮 [按需印刷]编写高质量代码：改善Python程序的91个建议 计算|3770256,59.00
金融科技创新与量化金融投资系列丛书：量化金融投资及其Python应用,41.60
包邮 从零开始学Python数据分析与挖掘书籍 Python 3版本作为数据分析与挖掘实战的应用工具,57.30
Python程序设计与算法基础教程（21世纪高等学校计算机专业实用规划教材）,50.10
Python并行编程手册,38.90
Python程序设计实用教程（全国高等院校应用型创新规划教材·计算机系列）,46.40
Python新手使用Django架站的16堂课,70.30
Python机器学习 5个数据科学家案例解析,39.30
Python程序设计习题解析/大学计算机基础教育规划教材,25.40
Python网络爬虫技术,33.30
Head First Python(中文版)第二版 python从入门到实践 python编程,85.00
机器学习Web应用,51.90
Python程序设计,27.90
Python程序设计第一课,38.70
机器人系统设计与制作：Python语言实现,43.30
4本 深度学习+机器学习 周志华+百面机器学习+Python神经网络编程 人工智能书籍,305.00
Python程序设计开发宝典,63.50
Python爬虫开发 从入门到实战（微课版）,39.30
深度实践OpenStack：基于Python的OpenStack组件开发,57.90
Python程序设计基础（第2版）（计算机系列教材）,42.90
正版包邮 Python编程 从入门到实践 基本教程到完整项目开发爬虫学习数据分析处理 语言程序设计p,55.00
Python带我起飞 入门、进阶、商业实战,55.90
物联网应用设计与实战：基于AVR单片机和Python,46.60
数据结构（Python版）/21世纪高等学校计算机基础实用规划教材,32.70
Python数据分析与挖掘实战 Python核心编程  Python语言开发入门教程 计算机网络,69.00
Python 3 基础教程,35.20
从问题到程序 用Python学编程和计算,50.60
Python数据分析基础（全国高等院校应用型创新规划教材·计算机系列）,32.30
Python数据分析机器学习深度学习和NLP实例编程 深度学习实战Python网络爬虫,230.00
"Python基础教程(第2版 修订版) [挪]Magnus Lie Hetland,司维",45.82
Python程序设计实验指导书,27.30
【包邮】Python渗透测试编程技术 方法与实践 李华峰 Python 黑帽子书籍,51.60
现货 笨办法学Python 第3版 Python编程教程 python核心手册,42.50
Python数据科学手册(影印版)(英文版),77.34
人工智能实验教材/职业教育1 python“智龙X计划”指定用书,174.20
深度学习+机器学习实战（python基础教程指南） deep learning,175.20
量化投资 以Python为工具 Python语言处理 数据Python金融 量化投资,65.80
包邮 Python学习手册（原书第5版） 计算机与互联网 书箱|8053406,148.90
利用Python开源工具分析恶意代码,78.20
Python机器学习经典实例（影印版 英文版）,75.80
正版 Python深度学习 deep learning深度学习 python人工智能机器学习经典教程,83.00
【高教现货】2019高教版Python语言程序设计冲刺试卷 含线上题库 全国计算机等级考试二级Pyt,32.50
零基础学Python 附光盘python基础教程 零开始从入门到精通,60.40
清华科技大讲堂：Python数据分析实战,35.90
Python：统计人的视角/统计数据分析与应用丛书,24.80
Python实用教程（含典型案例视频分析）,57.80
Python性能分析与优化,35.50
和孩子一起玩编程 中小学编程入门书 趣学python编程入门零基础教孩子学编程的书 少儿小学生儿童趣,50.00
【好书推荐】  像计算机科学家一样思考Python Python核心编程,26.50
人工智能基础教程  Python篇 青少版 丁亮 姜春茂 于振中 程序设计 清华大学出版社,34.50
父与子的编程之旅 与小卡特一起学Python 教孩子编程的图书 python编程入门教程,46.00
python基础教程第2版修订版 (挪)海特兰德 从入门到实践 图灵程序设计丛书,59.80
Python深度学习实战-75个有关神经网络建模.强化学习与迁移学习的,58.50
基于python的web大数据爬取实战指南,120.90
Python微服务开发 python语言编程教程书籍 使用flask测试驱动开发与文档化设计,43.00
正版 玩转Django 2.0 黄永祥 Python编程教程书籍 DjangoWeb开发,47.40
现货 流畅的Python 计算机编程语言 Python核心技术 编程思想,94.40
正版现货 利用Python进行数据分析（原书第2版）python基础入门到精通书|8050025,80.90
包邮 Python编程实战：运用设计模式、并发和程序库创建高质量程序 计|3770418,46.90
正版现货 Python核心编程第3版 python开发大全 python入门到精通书籍 p,51.50
智能Web算法（第2版）,63.50
包邮 Python数据科学：技术详解与商业实践 计算机与互联网 书箱|8049590,67.30
Python核心编程 第3版(第3版),56.50
Python 3网络爬虫开发实战+爬虫 数据清洗与可视化实战+Python网络爬虫从入门到实践教程书,149.00
深度学习入门 基于Python3的理论与实现 从零创建深度学习模型 深度学习入门经典畅销,43.70
正版现货 数据结构与算法：Python语言实现/数据库算法/python语言计算机书|1016124,74.10
【现货正版】 Python编程无师自通 专业程序员的养成 宋秉金Python3网络爬虫项目编程,39.20
Python3.6编程实践指南 计算机科学入门（原书第3版）,56.90
投资学及其Python应用/高等院校财政金融专业应用型教材,35.70
Python高级数据分析：机器学习、深度学习和NLP实例,46.60
"""笨办法""学Python 3",41.90
Python微控制器编程从零开始 使用MicroPython,39.30
Python数据分析与应用 大数据云计算计算机书籍正版,39.80
Python网络数据爬取及分析从入门到精通（分析篇）,47.20
学习编程第一步 零基础上手Python开发,63.00
【正版】流畅的Python  python进阶书籍 计算机编程语言 数据分析从入门到实践爬虫核心编程,139.00
计算机科学导论 以Python为舟（第2版）/21世纪高等学校计算机专业实用规划教材,39.60
Python3网络爬虫开发实战 pyspider Scrapy框架设计 分布式视频爬虫录音爬虫编写,69.80
Python数据分析与挖掘实战/计算机软件与程序设计/Python教材书|4894338,46.90
深度学习+机器学习 周志华+Python神经网络编程 人工智能书籍3本套装,215.80
Python编程 从入门到实践 基本教程概念到完整项目开发 爬虫学习 数据分析处理 编程语言程序设计,64.30
包邮 图解算法 使用Python+图解数据结构 使用Python 简单有趣的算法入门书,95.80
树莓派实战全攻略:Scratch、Python、Linux、Minecraft应用与机器人智能制作,89.30
现货包邮 DevOps和自动化运维实践/Python/Linux/Unix运维书|8053230,60.50
Python绝技,51.70
现货包邮 高教2019年版全国计算机等级考试二级教程Python语言程序设计+冲刺试卷第2版含线上题,67.80
Python语言程序设计,34.30
Python数据科学实践指南,46.60
Python数据分析与挖掘实战/大数据技术丛书,47.00
Python编程基础与案例集锦 中学版+中学生可以这样学Python书籍,62.60
包邮Python机器学习 5个数据科学家案例解析+ 机器学习 周志华西瓜书机器学习入门书 2本,101.00
OpenCV3计算机视觉Python语言实现 原书第2版 人脸检测与识别,37.40
正版包邮 Django企业开发实战 高效Python Web框架指南 博客系统开发实例教程书籍,72.00
Python项目案例开发从入门到实战——爬虫、游戏和机器学习（从入门到实战·微课视频）,59.90
正版 教孩子学编程Python语言版 少儿编程零基础学编程入门教程书籍同scratch为少儿编程课程,35.40
包邮PySpark实战指南 利用Python和Spark+Apache Spark机器学习,80.80
Python机器学习算法 赵志勇 9787121313196,40.02
Python机器学习实践指南,49.70
Python语言程序设计,53.10
深入浅出Python机器学习,51.10
Python程序设计——计算思维视角（高等学校计算机类国家级特色专业系列规划教材）,41.60
新书现货 小天才学Python+小天才学Python 教学指导 小学生学Python语言入门书籍,55.60
【python 教程】 教孩子学编程Python语言版,31.50
Spark数据分析：基于Python语言（英文版）,67.10
包邮 利用Python进行数据分析（原书第2版） 计算机与互联网 书箱|8050025,80.90
包邮 数据结构与算法：Python语言实现 计算机与互联网 书箱|1016124,74.10
PYTHON数据分析基础(第2版)/阮敬/十三五规划教材,107.80
Python编程快速上手 让繁琐工作自动化 [美] Al Sweigart  斯维加特 9,40.02
基于Python的大数据分析基础及实战 Python编程,47.50
官方正版包邮 Python机器学习与量化投资 Python语言sklearn模块库内置机器学习书籍,62.41
包邮 数据结构与算法：Python语言描述/Python书籍结构算法/计算机教材|4909472,31.50
Python程序设计教程/高等学校计算机科学与技术教材,40.90
Python数据分析实战,57.90
图灵程序设计丛书·Python数据分析基础教程：NumPy学习指南（第2版）,36.50
包邮疯狂Python讲义 李刚 python基础教程书籍,86.60
语料库与Python应用,38.50
3本 Python编程从入门到实践+Python核心编程 第3版+Python 3标准库,278.00
人工智能开发语言——Python,71.80
"Think Python, 2e",544.20
Python人脸识别 从入门到工程实践 计算机视觉基础知识书籍,51.00
现货 父与子的编程之旅 与小卡特一起学Python 教孩子编程的图书 python编程,49.60
Python+Spark 2 0+Hadoop机器学习与大数据实战 林大贵 9787302,57.42
零压力学Python,58.80
语料库与Python应用/语料库翻译学文库,45.00
量化投资：以Python为工具 Python语言处理 数据Python金融 量化投资,53.50
Python程序设计,62.40
TensorFlow深度学习,38.70
预测分析：Python语言实现,40.70
Python语言在Abaqus中的应用（附CD-ROM光盘1张）,37.90
Python深度学习,83.00
精通Python设计模式,35.50
神经网络与深度学习：基于TensorFlow框架和Python技术实现,41.70
Python云原生：构建应对海量用户数据的高可扩展Web应用,81.90
Python3面向对象编程(第2版影印版)(英文版),61.78
Python爬虫开发 从入门到实战（微课版）,39.30
深度实践OpenStack：基于Python的OpenStack组件开发,57.90
Python程序设计基础（第2版）（计算机系列教材）,42.90
Python网络数据爬取及分析从入门到精通（爬取篇）,47.20
"对比Excel,轻松学习Python数据分析",38.30
机器人Python极客编程入门与实战,54.30
正版包邮 Python编程 从入门到实践 基本教程到完整项目开发爬虫学习数据分析处理 语言程序设计p,55.00
Python 3.x程序设计基础/计算机系列教材,39.60
The Greedy Python  Board Book,36.90
Python机器学习入门（影印版 英文版）,64.30
经济金融数据分析及其Python应用（数量经济学系列丛书）,32.80
Python项目开发实战（第2版）,62.30
包邮 教孩子学编程+趣学Python+父与子的编程之旅 全3册 教孩子编程的图书 python,129.00
精通Scrapy网络爬虫,40.70
创客机器人实战：基于Arduino和树莓派,57.70
Python数据科学入门,36.50
Python快速编程入门 传智播客 黑马程序员 python编程从入门到实践基础视频教程核心编程爬虫,32.00
实战Python网络爬虫,89.10
Python机器学习实践：测试驱动的开发方法,46.60
教孩子学编程 Python语言版,44.25
Automate The Boring Stuff With Python,160.00
深度学习——基于Python语言和TensorFlow平台（视频讲解版）,41.70
Python数据分析实战,46.60
树莓派实战全攻略:Scratch、Python、Linux、Minecraft应用与机器人智能制作,89.30
深海管道试验的数值模拟理论及应用：ABAQUS参数化设计中的Python脚本,27.60
PYTHON基础教程(第三版),69.80
Python金融大数据分析,70.30
包邮 机器学习：使用OpenCV和Python进行智能图像处理 计算机与|8053731,46.90
正版 Python深度学习 deep learning深度学习 python人工智能机器学习经典教程,83.00
爱上Raspberry Pi 第2版 树莓派编程快速入门手册,38.60
Python 实战编程：从零学Python,78.90
数据馆员的Python简明手册,43.50
少儿编程语言 小学生c++趣味编程+ Scratch2.0少儿编程奇幻之旅+趣学Python,125.00
华章程序员书库·Python编程实战：运用设计模式、并发和程序库创建高质量程序,45.60
包邮 自动化平台测试开发 Python测试开发实战 App自动化测试方案 软件自动化测试开发技术书,49.60
Python 3网络爬虫开发实战,68.00
全栈数据之门,72.70
Python核心编程 第3版 python开发大全 python入门到精通书籍第三版 人民邮电出版社,56.80
Python 3.x全栈开发从入门到精通,72.20
Python神经网络编程 深度学习人工智能 机器学习入门教程书籍,36.50
Python 程序设计基础实战教程,41.40
Python应用开发实战,69.50
面向自然语言处理的深度学习：用Python创建神经网络,54.50
利用Python进行数据分析（原书第2版）,81.60
Python数据分析：基于Plotly的动态可视化绘图,72.70
Python编程：从数据分析到数据科学,53.70
Python科学计算最佳实践 SciPy指南,54.50
零基础学Python（图文版）,60.70
包邮 Python编程 从数据分析到数据科学 朝乐门 数据科学大数据分析应用书籍 电子工业出版社,49.90
零基础学Python（图文版）,60.70
包邮 Python编程 从数据分析到数据科学 朝乐门 数据科学大数据分析应用书籍 电子工业出版社,49.90
达人迷 Python趣味编程10例,78.30
包邮 Python数据分析与数据化运营 计算机与互联网 书箱|6998727,67.30
机器学习 Python实践,54.30
Python与数据挖掘,38.70
3本 Python编程 从入门到实践+利用Python进行数据分析+Python神经网络编程,206.30
人工智能入门与实战 使用Raspberry Pi和Python演练,47.20
Python 3学习笔记（上卷）,81.90
Python数据科学入门,60.70
Python数据科学指南,69.50
Python 3.5从零开始学,46.60
Python程序设计基础,27.60
程序设计导论：Python语言实践,71.10
包邮 量化交易之路-用Python做股票量化分析+量化炼金术-中低频量化交易策略研发,108.00
Python语言程序设计基础(第2版)-嵩天、礼欣、黄天羽-高等教育出版社,28.80
Python网络爬虫从入门到实践,36.80
自学Python 编程基础、科学计算及数据分析,61.30
2本 Python编程从入门到实践+Python核心编程 第3版,129.80
Python自然语言处理,57.90
Python基础教程 第3版 图灵程序设计丛书 编程新手入门 软件工具 python,62.00
流畅的Python  python进阶书籍 计算机编程语言 数据分析从入门到实践精通爬虫核心,89.00
Python数据挖掘入门与实践,46.60
Python物理学高效计算,87.10
Python爬虫开发与项目实战,57.90
树莓派Python编程入门与实战（第2版）,60.70
Python测试驱动开发 使用Django Selenium和JavaScript进行Web编程,93.80
零起点Python足彩大数据与机器学习实盘分析,91.10
Python机器学习 第2版（影印版）,78.70
Python编程基础,31.40
零基础入门学习Python 小甲鱼计算机/网络 程序设计 零基础学编程基础学习教程,28.00
Python数据科学手册,79.60
Python游戏编程入门+C++游戏编程入门+游戏编程入门 全3册 游戏编程入门书籍,118.00
精通Python网络爬虫：核心技术、框架与项目实战,50.60
"Python Cookbook(中文版,第3版)",79.70
Python程序设计（第2版）/高等院校信息技术规划教材,39.60
包邮 小天才学Python+小天才学Python 教学指导+人工智能基础教程 Python篇 青少版,95.60
Python程序设计实验指导书/高等院校信息技术规划教材,34.10
Python编程与人工智能启蒙,24.80
Python网络爬虫实战（第2版）,62.40
Python带我起飞 入门、进阶、商业实战,72.70
Python数据科学导论：概念、技术与应用,43.30
人工智能基础教程（Python篇青少版）,41.90
零基础学Python,62.40
Python面向对象编程指南,69.50
深入浅出深度学习：原理剖析与Python实践,72.70
编程导论 以Python为舟,57.90
从零开始学Python程序设计,62.30
图解算法——使用Python,37.00
Python深度学习 人工智能 deep learning with python中文版机器学习实战,82.80
人工智能在信用债投资领域的应用：Python语言实践,63.50
和孩子一起玩编程,54.40
Python开发实践教程/高等职业教育“十三五”规划教材,18.70
电子数据取证与Python方法,46.00
MicroPython入门指南,43.00
Python数据爬取技术与实战手册,48.10
Python数据科学入门,60.70
Practical Machine Learning with Python: A ...,497.00
软件架构：Python语言实现,62.40
Keras快速上手：基于Python的深度学习实战,72.70
Python物理建模初学者指南,51.90
面向ArcGIS的Python脚本编程,38.70
Python 3 面向对象编程（第2版）,91.10
Python数据分析 第2版（影印版）,71.50
Python文本分析,57.90
Python自动化运维快速入门,47.20
Python绝技运用Python成为黑客 python编程教程书籍 黑客攻防技术与渗透测试教材,53.80
Python编程之美：最佳实践指南,81.90
Abaqus GUI程序开发指南 Python语言,49.40
营销数据科学：用R和Python进行预测分析的建模技术,72.80
Python Java C 语言从入门到精通三本套计算机核心编程基础教程书籍 零基础自学电脑程序设计,161.00
Python深度学习 人工智能机器学习经典教程 进行深度学习的探索实践 Keras之父 谷歌人工智能,77.30
Python树莓派编程,38.70
Python 3.6零基础入门与实战,44.60
包邮 Python语言程序设计 计算机与互联网 书箱|8056830,34.30
Python基础教程 第3版Python简明教程书籍 Python编程从入门到实践 灵程序设计丛书,71.80
机器人Python青少年编程开发实例,54.30
Python 新手学Django 2.0架站的16堂课（第2版）,79.20
Python全栈开发实践入门,63.50
3本 深度学习+机器学习 周志华+Python神经网络编程 人工智能书籍,215.80
Python编程基础与HTTP接口测试,35.50
从零开始学Python数据分析（视频教学版）,50.60
Python数据挖掘方法及应用,38.20
Python 3.x全栈开发从入门到精通,72.20
Python神经网络编程 深度学习人工智能 机器学习入门教程书籍,36.50
Python 程序设计基础实战教程,41.40
Python应用开发实战,69.50
面向自然语言处理的深度学习：用Python创建神经网络,54.50
零起点Python机器学习快速入门,54.30
利用Python进行数据分析（原书第2版）,81.60
Python数据分析：基于Plotly的动态可视化绘图,72.70
Python编程：从数据分析到数据科学,53.70
Python科学计算最佳实践 SciPy指南,54.50
零基础学Python（图文版）,60.70
达人迷 Python趣味编程10例,78.30
包邮 Python数据分析与数据化运营 计算机与互联网 书箱|6998727,67.30
Python编程基础,31.40
机器学习 Python实践,54.30
Python与数据挖掘,38.70
数据科学实战手册 R+Python,51.90
人工智能入门与实战 使用Raspberry Pi和Python演练,47.20
Python 3学习笔记（上卷）,81.90
Python数据科学指南,69.50
Python网络爬虫技术,33.30
Python 3.5从零开始学,46.60
Python程序设计基础,27.60
Python网络爬虫从入门到实践,36.80
自学Python 编程基础、科学计算及数据分析,61.30
2019全国计算机等级考试二级教程 Python语言程序设计+冲刺试卷含线上题库 2本,65.80
O'Reilly：Python学习手册（第4版）,94.00
Python 并行编程手册,54.30
Python极客项目编程,60.70
Python金融实战,69.50
Python深度学习：基于TensorFlow,61.30
精通Python自然语言处理,51.90
Python3网络爬虫开发实战崔庆才 Scrapy数据分析处理手册数据抓取指南 计算机编程语言 默认47,62.00
11招玩转网络安全：用Python，更安全,63.50
小天才学Python（教学指导）,38.60
Python人脸识别：从入门到工程实践,60.60
Python高性能 第2版,46.60
基于深度学习的自然语言处理+Python自然语言处理实战 套装共2册,113.90
Python数据分析从入门到精通,63.50
Python大战机器学习：数据科学家的第一个小目标,63.50
scikit learn机器学习：常用算法原理及编程实战,46.60
Python渗透测试编程技术 方法与实践,63.50
跟老齐学Python：Django实战,63.50
Python程序设计基础与应用,38.70
Python基础教程(第3版) [挪]芒努斯·利·海特兰德(Magnus Lie Hetl,57.42
正版 全国计算机等级考试二级教程——Python语言程序设计 计算机等级考试二级教程,32.30
2019全国计算机等级考试二级教程 Python语言程序设计+冲刺试卷含上线题库 2本计算机二级Py,63.50
正版Python 3网络爬虫开发实战 Scrapy数据分析处理手册 数据抓取指南python程序设计,70.00
程序员学Python,78.30
Python大规模机器学习,61.40
量化投资：以Python为工具,91.10
Python机器学习实践指南,60.70
Python机器学习及实践：从零开始通往Kaggle竞赛之路,45.10
青少年学Python,69.50
Python量化交易实战,63.20
Python深度学习实战：基于TensorFlow和Keras的聊天机器人以及人脸、物体和语音识别,54.50
Python核心编程 第3版 英文版,87.10
从零开始学Python（第2版）,60.70
从零开始学Python数据分析（视频教学版）,50.60
金融工程及其Python应用/高等院校财政金融专业应用型教材,37.30
Python与有限元--基于Python编程的有限元分析及应用扩展,42.90
Python设计模式,83.30
编程语言实现模式,66.20
图像处理与脉冲耦合神经网络：基于Python的实现（第3版）,62.40
Python编程之美：最佳实践指南,81.90
Python机器学习经典实例,46.50
高效算法 竞赛 应试与提高必修128例,40.90
Python编程基础与案例集锦（中学版）,45.10
数据科学实战手册 第2版,60.70
Python可以这样学,63.50
图解算法——使用Python,37.00
人工智能在信用债投资领域的应用：Python语言实践,63.50
Python开发实践教程/高等职业教育“十三五”规划教材,18.70
电子数据取证与Python方法,46.00
Python数据科学入门,60.70
Python树莓派编程,38.70
软件架构：Python语言实现,62.40
Keras快速上手：基于Python的深度学习实战,72.70
Python物理建模初学者指南,51.90
面向ArcGIS的Python脚本编程,38.70
Python 3 面向对象编程（第2版）,91.10
Python数据分析 第2版（影印版）,71.50
Python文本分析,57.90
Python自动化运维快速入门,47.20
Abaqus GUI程序开发指南 Python语言,49.40
Python科学计算(第2版)（附光盘）,89.20
Python数据可视化编程实战 第2版,60.70
正则指引（第2版）,81.90
Python项目案例开发从入门到实战——爬虫、游戏和机器学习（从入门到实战·微课视频）,70.20
金融数量分析—基于Python编程,45.80
全国计算机等级考试二级教程——Python语言程序设计（2019年版）,31.10
编程超有趣 奇妙Python轻松学 第1辑,60.70
Python机器学习与量化投资,72.70
小小的Python编程故事,63.50
少博士趣学Python,73.50
Python数据分析与数据化运营,76.90
机器学习入门之道,51.90
Python网络编程（第3版）,62.40
Python语言及其应用,55.30
Python深度学习,51.90
跟老齐学Python：轻松入门,54.30
Python数据可视化之matplotlib精进,63.50
深度学习之PyTorch实战计算机视觉,72.70
Python数据处理,71.70
Python 3.7从零开始学,54.50
Python数据分析与应用：从数据获取到可视化,45.80
Python自动化运维：技术与最佳实践,50.60
Python量化交易实战入门与技巧,60.70
Python参考手册 第4版 修订版,78.30
现货包邮 高教版Python语言程序设计冲刺试卷含上线题库第2版 全国计算机等级二级Python试卷,38.80
深度学习原理与实践,78.30
Python地理数据处理,69.50
ABAQUS Python二次开发攻略 CAE分析大系,52.60
包邮 Python编程从入门到实践python3.0绝技核心编程基础教程网络爬虫入门书籍,54.00
Python强化学习实战：应用OpenAI Gym和TensorFlow精通强化学习和深度强化学习,53.60
零起点Python大数据与量化交易,91.10
数据结构与算法：Python语言描述,37.10
数据分析技术：Python数据分析项目化教程,32.80
Python游戏编程快速上手 第4版,60.70
Python+Spark 2.0+Hadoop机器学习与大数据实战,78.20
PySpark实战指南：利用Python和Spark构建数据密集型应用并规模化部署,38.10
跟老齐学Python：Django实战（第2版）,72.70
实用卷积神经网络：运用Python实现高级深度学习模型,54.50
从Python开始学编程,45.10
Python数据分析,51.90
Python 3程序开发指南（第2版 修订版）,60.70
Python数字信号处理应用,39.60
Python袖珍指南（第5版）,35.00
趣学Python编程,39.60
Python程序员面试算法宝典,50.50
从芯片到云端：Python物联网全栈开发实践,109.50
2019全国计算机等级考试二级教程 Python语言程序设计+冲刺试卷含线上题库 2本,65.80
O'Reilly：Python学习手册（第4版）,94.00
Python 并行编程手册,54.30
Python金融实战,69.50
Python深度学习：基于TensorFlow,61.30
精通Python自然语言处理,51.90
Python3网络爬虫开发实战崔庆才 Scrapy数据分析处理手册数据抓取指南 计算机编程语言 默认47,62.00
11招玩转网络安全：用Python，更安全,63.50
小天才学Python（教学指导）,38.60
Python人脸识别：从入门到工程实践,60.60
Python高性能 第2版,46.60
我的Python世界 玩《Minecraft我的世界》学Python编程,60.70
Python数据分析从入门到精通,63.50
Python大战机器学习：数据科学家的第一个小目标,63.50
Python数据可视化之matplotlib实践,54.30
物联网Python开发实战,54.40
Python测试之道,52.60
Python语言程序设计基础（第2版）/教育部大学计算机课程改革项目规划教材,32.10
Python统计分析,69.50
趣学Python：教孩子学编程,51.90
Python游戏编程入门,38.60
Python机器学习基础教程,55.70
Python机器学习,69.50
Python数据分析 第2版,60.70
Python 3破冰人工智能 从入门到实战,51.90
scikit-learn机器学习（第2版）,51.90
Python 3 数据分析与机器学习实战,50.30
机器学习实战,48.70
Selenium 2自动化测试实战 基于Python语言,54.30
Python Web开发实战,96.60
PyQt5快速开发与实战,91.10
MicroPython入门指南,49.40
Python金融衍生品大数据分析：建模、模拟、校准与对冲,91.10
Python经典实例,109.60
大数据与人工智能技术丛书·Python机器学习：数据分析与评分卡建模（微课版）,39.20
利用Python进行数据分析,59.70
Keras深度学习实战,51.90
Python程序设计 第3版,60.70
卷积神经网络的Python实现,38.60
自动化平台测试开发：Python测试开发实战,63.50
Python 黑帽子：黑客与渗透测试编程之道,50.60
贝叶斯思维 统计建模的Python学习法,43.10
Python自然语言处理实战：核心技术与算法,54.50
Python高级编程 第2版,78.30
你也能看得懂的Python算法书,54.30
PyTorch深度学习,48.40
从零开始学Python网络爬虫,45.80
pytest测试实战,64.30
精通数据科学 从线性回归到深度学习,87.10
2019计算机二级 2019年全国计算机等级考试二级教程——Python语言程序设计(2019年版),36.50
Python高效开发实战：Django、Tornado、Flask、Twisted（第2版）,91.10
Python生物信息学数据管理,54.50
Python编程从入门到实践 C PRIMER PLUS第6版中文版 JAVA编程思想第4版 全3册,419.00
高教版Python语言程序设计冲刺试卷(含线上题库)（第2版）,43.50
Python地理空间分析指南（第2版）,69.50
Python高性能编程,69.50
Flask Web开发 基于Python的Web应用开发实战 第2版,54.40
OpenCV算法精解：基于Python与C++,72.70
Python Qt GUI快速编程：PyQt编程指南,62.40
Python机器学习算法,63.50
精通特征工程,46.60
Python黑客攻防入门,46.50
量化交易之路 用Python做股票量化分析,60.30
Python网络爬虫权威指南 第2版,62.40
人人都懂设计模式：从生活中领悟设计模式（Python实现）,72.70
Python与量化投资：从基础到实战,91.10
机器学习：使用OpenCV和Python进行智能图像处理,54.50
OpenCV 3计算机视觉：Python语言实现（原书第2版）,38.10
Python Linux系统管理与自动化运维,65.30
Python设计模式 第2版,34.30
量化投资技术分析实战 解码股票与期货交易模型,84.20
流利的Python语言（影印版 英文版）,85.30
Python机器学习 预测分析核心算法,60.70
Python数据分析与应用,37.10
Python与机器学习实战：决策树、集成学习、支持向量机与神经网络算法详解及编程实现,63.50
Python机器学习（原书第2版）,70.20
从零开始学Python数据分析与挖掘,62.40
小小的Python编程故事,63.50
现货包邮 高教版2019全国计算机等级考试二级教程 Python语言程序设计+冲刺试卷+公共基础知识,82.60
Python和Pygame游戏开发指南,51.90
Python 3爬虫、数据清洗与可视化实战,45.10
虫术——Python绝技,91.10
像计算机科学家一样思考Python 第2版,43.10
Python学习手册 5 第五版,142.50
Python Web自动化测试设计与实现,66.40
Python 深度学习实战：75个有关神经网络建模、强化学习与迁移学习的解决方案,57.90
包邮 Python编程 从入门到实践 Python3.5编程入门图书 机器学习 数据处理 网络爬虫热,55.00
Python贝叶斯分析,60.70
小天才学Python,27.20
基于ArcGIS的Python编程秘笈（第2版）,60.70
Excel 数据之美：科学图表与商业图表的绘制（全彩）,63.50
Python自动化测试实战,64.20
Selenium自动化测试 基于 Python 语言,43.10
Python数据分析入门――从数据获取到可视化,54.30
Python数据科学手册,81.10
Python程序员面试宝典 剑指offer,76.30
Python和NLTK自然语言处理,121.40
Python计算机视觉编程,54.40
Python入门经典,34.30
相关性搜索：利用Solr与Elasticsearch创建智能应用,91.10
现货包邮 【扫码看视频】笨办法学python3 基础编程从入门到实践 核心编程语言书籍 计算机程序,42.80
Python趣味编程入门,43.10
Python科学计算(第2版)（附光盘）,89.20
Python数据可视化编程实战 第2版,60.70
正则指引（第2版）,81.90
Python项目案例开发从入门到实战——爬虫、游戏和机器学习（从入门到实战·微课视频）,70.20
金融数量分析—基于Python编程,45.80
Effective Python：编写高质量Python代码的59个有效方法,46.60
深度学习：基于Keras的Python实践,54.30
PyQt5快速开发与实战,91.10
全国计算机等级考试二级教程——Python语言程序设计（2019年版）,31.10
编程超有趣 奇妙Python轻松学 第1辑,60.70
Python机器学习与量化投资,72.70
Python编程 从入门到实践,61.20
少博士趣学Python,73.50
贝叶斯方法 概率编程与贝叶斯推断,51.90
物联网Python开发实战,54.40
Python Web开发实战,96.60
Python核心编程（第2版）,78.30
MicroPython入门指南,49.40
Python金融衍生品大数据分析：建模、模拟、校准与对冲,91.10
Python经典实例,109.60
Python数据分析与数据化运营,76.90
机器学习入门之道,51.90
Python机器学习及实践：从零开始通往Kaggle竞赛之路,45.10
Keras快速上手：基于Python的深度学习实战,72.70
Python网络编程（第3版）,62.40
大数据与人工智能技术丛书·Python机器学习：数据分析与评分卡建模（微课版）,39.20
利用Python进行数据分析,59.70
Keras深度学习实战,51.90
Web接口开发与自动化测试――基于Python语言,54.30
Python程序设计 第3版,60.70
从芯片到云端：Python物联网全栈开发实践,109.50
卷积神经网络的Python实现,38.60
